day,current,phi,stage,stage_combined
0,0.1137,0.0,H,H
1,0.1088,-0.0035345884729135,H,H
2,0.1154,0.0012262857967251,H,H
3,0.1226,0.006419966818149,H,H
4,0.1088,-0.0035345884729135,H,H
5,0.1091,-0.0033181850970208,H,H
6,0.1238,0.0072855803217196,H,H
7,0.1176,0.0028132438866046,H,H
8,0.1079,-0.0041837986005915,H,H
9,0.1163,0.001875495924403,H,H
10,0.1085,-0.0037509918488061,H,H
11,0.1087,-0.0036067229315443,H,H
12,0.1146,0.0006492101276779,H,H
13,0.0976,-0.0116136478395729,H,H
14,0.0993,-0.0103873620428478,H,H
15,0.1089,-0.0034624540142826,H,H
16,0.1055,-0.0059150256077328,H,H
17,0.1164,0.0019476303830339,H,H
18,0.1069,-0.0049051431869003,H,H
19,0.1031,-0.0076462526148741,H,H
20,0.1264,0.0091610762461227,H,H
21,0.1131,-0.0004328067517853,H,H
22,0.1157,0.0014426891726177,H,H
23,0.104,-0.0069970424871961,H,H
24,0.1113,-0.0017312270071413,H,H
25,0.1168,0.0022361682175575,H,H
26,0.1069,-0.0049051431869003,H,H
27,0.1194,0.0041116641419606,H,H
28,0.1118,-0.0013705547139868,H,H
29,0.1145,0.0005770756690471,H,H
30,0.1123,-0.0010098824208324,H,H
31,0.1322,0.0133448748467142,H,H
32,0.1175,0.0027411094279737,H,H
33,0.1094,-0.0031017817211281,H,H
34,0.1247,0.0079347904493976,H,H
35,0.1086,-0.0036788573901752,H,H
36,0.1203,0.0047608742696386,H,H
37,0.1032,-0.0075741181562432,H,H
38,0.1085,-0.0037509918488061,H,H
39,0.121,0.0052658154800548,H,H
40,0.1255,0.0085118661184447,H,H
41,0.1213,0.0054822188559474,H,H
42,0.1192,0.0039673952246988,H,H
43,0.118,0.0031017817211281,H,H
44,0.1088,-0.0035345884729135,H,H
45,0.1151,0.0010098824208324,H,H
46,0.1175,0.0027411094279737,H,H
47,0.1299,0.0116857822982038,H,H
48,0.1244,0.007718387073505,H,H
49,0.1078,-0.0042559330592223,H,H
50,0.1248,0.0080069249080285,H,H
51,0.1193,0.0040395296833297,H,H
52,0.1173,0.0025968405107119,H,H
53,0.1278,0.0101709586669552,H,H
54,0.1314,0.0127677991776671,H,H
55,0.1309,0.0124071268845127,H,H
56,0.117,0.0023804371348193,H,H
57,0.1215,0.0056264877732092,H,H
58,0.1269,0.0095217485392772,H,H
59,0.1323,0.0134170093053451,H,H
60,0.1209,0.0051936810214239,H,H
61,0.1235,0.007069176945827,H,H
62,0.1164,0.0019476303830339,H,H
63,0.1159,0.0015869580898795,H,H
64,0.1322,0.0133448748467142,H,H
65,0.1368,0.0166630599437351,H,H
66,0.1257,0.0086561350357065,H,H
67,0.1345,0.0150039673952247,H,H
68,0.1297,0.011541513380942,H,H
69,0.1219,0.0059150256077328,H,H
70,0.1302,0.0119021856740965,H,H
71,0.1398,0.0188270937026617,H,H
72,0.1275,0.0099545552910625,H,H
73,0.1406,0.0194041693717088,H,H
74,0.1073,-0.0046166053523768,H,H
75,0.1351,0.01543677414701,H,H
76,0.1295,0.0113972444636803,H,H
77,0.1267,0.0093774796220154,H,H
78,0.1301,0.0118300512154656,H,H
79,0.1137,0.0,H,H
80,0.1281,0.0103873620428478,H,H
81,0.133,0.0139219505157613,H,H
82,0.1422,0.020558320709803,H,H
83,0.1265,0.0092332107047536,H,H
84,0.1244,0.007718387073505,H,H
85,0.1271,0.0096660174565389,H,H
86,0.1387,0.0180336146577219,H,H
87,0.1343,0.0148596984779629,H,H
88,0.1277,0.0100988242083243,H,H
89,0.1363,0.0163023876505806,H,H
90,0.1332,0.0140662194330231,H,H
91,0.1405,0.0193320349130779,H,H
92,0.1274,0.0098824208324316,H,H
93,0.1306,0.01219072350862,H,H
94,0.1304,0.0120464545913582,H,H
95,0.1221,0.0060592945249945,H,H
96,0.1364,0.0163745221092115,H,H
97,0.1364,0.0163745221092115,H,H
98,0.1346,0.0150761018538555,H,H
99,0.1329,0.0138498160571304,H,H
100,0.1238,0.0072855803217196,H,H
101,0.132,0.0132006059294525,H,H
102,0.1329,0.0138498160571304,H,H
103,0.1294,0.0113251100050494,H,H
104,0.1348,0.0152203707711173,H,H
105,0.1396,0.0186828247853999,H,H
106,0.1517,0.0274110942797374,H,H
107,0.1383,0.0177450768231984,H,H
108,0.1392,0.0183942869508764,H,H
109,0.1369,0.016735194402366,H,H
110,0.1224,0.0062756979008872,H,H
111,0.1378,0.017384404530044,H,H
112,0.1387,0.0180336146577219,H,H
113,0.1582,0.0320998340907451,H,H
114,0.1372,0.0169515977782586,H,H
115,0.1415,0.0200533794993868,H,H
116,0.139,0.0182500180336146,H,H
117,0.1302,0.0119021856740965,H,H
118,0.149,0.0254634638967034,H,H
119,0.1461,0.0233715645964077,H,H
120,0.1467,0.023804371348193,H,H
121,0.1334,0.0142104883502849,H,H
122,0.1521,0.0276996321142609,H,H
123,0.13,0.0117579167568347,H,H
124,0.1461,0.0233715645964077,H,H
125,0.1592,0.032821178677054,H,H
126,0.134,0.0146432951020702,H,H
127,0.1377,0.0173122700714131,H,H
128,0.1433,0.0213517997547428,H,H
129,0.1387,0.0180336146577219,H,H
130,0.1306,0.01219072350862,H,H
131,0.1439,0.0217846065065281,H,H
132,0.1351,0.01543677414701,H,H
133,0.1476,0.024453581475871,H,H
134,0.1368,0.0166630599437351,H,H
135,0.1568,0.0310899516699127,H,H
136,0.1384,0.0178172112818293,H,H
137,0.1424,0.0207025896270648,H,H
138,0.1517,0.0274110942797374,H,H
139,0.1356,0.0157974464401644,H,H
140,0.1476,0.024453581475871,H,H
141,0.1565,0.03087354829402,H,H
142,0.1334,0.0142104883502849,H,H
143,0.148,0.0247421193103945,H,H
144,0.1489,0.0253913294380725,H,H
145,0.1533,0.0285652456178316,H,H
146,0.1375,0.0171680011541513,H,H
147,0.1371,0.0168794633196277,H,H
148,0.1521,0.0276996321142609,H,H
149,0.1506,0.0266176152347976,H,H
150,0.1505,0.0265454807761667,H,H
151,0.1515,0.0272668253624756,H,H
152,0.1436,0.0215682031306355,H,H
153,0.1511,0.0269782875279521,H,H
154,0.1519,0.0275553631969992,H,H
155,0.1441,0.0219288754237899,H,H
156,0.165,0.0370049772776455,H,H
157,0.1541,0.0291423212868787,H,H
158,0.1411,0.0197648416648633,H,H
159,0.1562,0.0306571449181273,H,H
160,0.1434,0.0214239342133737,H,H
161,0.1578,0.0318112962562215,H,H
162,0.161,0.03411959893241,H,H
163,0.1454,0.0228666233859914,H,H
164,0.16,0.0333982543461011,H,H
165,0.1559,0.0304407415422347,H,H
166,0.1594,0.0329654475943157,H,H
167,0.1683,0.0393854144124648,H,H
168,0.1514,0.0271946909038447,H,H
169,0.1476,0.024453581475871,H,H
170,0.1468,0.0238765058068239,H,H
171,0.1477,0.0245257159345019,H,H
172,0.1539,0.0289980523696169,H,H
173,0.1575,0.0315948928803289,H,H
174,0.1572,0.0313784895044362,H,H
175,0.1619,0.0347688090600879,H,H
176,0.1557,0.0302964726249729,H,H
177,0.1675,0.0388083387434177,H,H
178,0.154,0.0290701868282478,H,H
179,0.1782,0.0465267258169227,H,H
180,0.1617,0.0346245401428262,H,H
181,0.1501,0.0262569429416432,H,H
182,0.1487,0.0252470605208107,H,H
183,0.1614,0.0344081367669335,H,H
184,0.156,0.0305128760008656,H,H
185,0.1638,0.0361393637740748,H,H
186,0.1622,0.0349852124359806,H,H
187,0.1581,0.0320276996321142,H,H
188,0.1522,0.0277717665728918,H,H
189,0.1471,0.0240929091827165,H,H
190,0.1559,0.0304407415422347,H,H
191,0.1666,0.0381591286157397,H,H
192,0.1618,0.0346966746014571,H,H
193,0.1504,0.0264733463175358,H,H
194,0.162,0.0348409435187188,H,H
195,0.164,0.0362836326913366,H,H
196,0.1541,0.0291423212868787,H,H
197,0.1627,0.0353458847291351,H,H
198,0.1622,0.0349852124359806,H,H
199,0.1529,0.028276707783308,H,H
200,0.1652,0.0371492461949073,H,H
201,0.1671,0.0385198009088941,H,H
202,0.1715,0.0416937170886532,H,H
203,0.1716,0.0417658515472841,H,H
204,0.1524,0.0279160354901536,H,H
205,0.1562,0.0306571449181273,H,H
206,0.1681,0.039241145495203,H,H
207,0.1684,0.0394575488710957,H,H
208,0.1687,0.0396739522469883,H,H
209,0.1957,0.0591502560773281,D,D
210,0.1697,0.0403952968332972,H,H
211,0.1745,0.0438577508475798,H,H
212,0.1733,0.0429921373440092,H,H
213,0.1712,0.0414773137127605,H,H
214,0.1637,0.036067229315444,H,H
215,0.1726,0.042487196133593,H,H
216,0.1606,0.0338310610978864,H,H
217,0.1652,0.0371492461949073,H,H
218,0.1635,0.0359229603981822,H,H
219,0.1683,0.0393854144124648,H,H
220,0.1865,0.0525138858832864,D,D
221,0.1533,0.0285652456178316,H,H
222,0.174,0.0434970785544254,H,H
223,0.1559,0.0304407415422347,H,H
224,0.1653,0.0372213806535382,H,H
225,0.1781,0.0464545913582918,H,H
226,0.1702,0.0407559691264517,H,H
227,0.1614,0.0344081367669335,H,H
228,0.1645,0.036644304984491,H,H
229,0.176,0.0449397677270432,H,H
230,0.165,0.0370049772776455,H,H
231,0.1729,0.0427035995094856,H,H
232,0.1718,0.0419101204645459,H,H
233,0.1665,0.0380869941571088,H,H
234,0.1891,0.0543893818076895,D,D
235,0.1774,0.0459496501478756,H,H
236,0.1564,0.0308014138353891,H,H
237,0.1744,0.043785616388949,H,H
238,0.1679,0.0390968765779412,H,H
239,0.1803,0.0480415494481713,H,H
240,0.1674,0.0387362042847868,H,H
241,0.1731,0.0428478684267474,H,H
242,0.1783,0.0465988602755536,H,H
243,0.1815,0.048907162951742,H,H
244,0.1653,0.0372213806535382,H,H
245,0.1725,0.0424150616749621,H,H
246,0.1717,0.041837986005915,H,H
247,0.1705,0.0409723725023443,H,H
248,0.1902,0.0551828608526293,D,D
249,0.1796,0.0475366082377551,H,H
250,0.1665,0.0380869941571088,H,H
251,0.1843,0.0509269277934069,D,D
252,0.1942,0.0580682391978648,D,D
253,0.1858,0.0520089446728702,D,D
254,0.1657,0.0375099184880617,H,H
255,0.1742,0.0436413474716872,H,H
256,0.1885,0.0539565750559042,D,D
257,0.173,0.0427757339681165,H,H
258,0.1825,0.0496285075380509,H,H
259,0.1855,0.0517925412969775,D,D
260,0.1721,0.0421265238404385,H,H
261,0.1794,0.0473923393204934,H,H
262,0.1542,0.0292144557455096,H,H
263,0.1723,0.0422707927577003,H,H
264,0.1787,0.0468873981100771,H,H
265,0.1711,0.0414051792541297,H,H
266,0.1944,0.0582125081151265,D,D
267,0.1702,0.0407559691264517,H,H
268,0.1784,0.0466709947341845,H,H
269,0.1833,0.050205583207098,D,D
270,0.194,0.057923970280603,D,D
271,0.1713,0.0415494481713914,H,H
272,0.1924,0.0567698189425088,D,D
273,0.1835,0.0503498521243598,D,D
274,0.1758,0.0447954988097814,H,H
275,0.1877,0.0533794993868571,D,D
276,0.1859,0.0520810791315011,D,D
277,0.1798,0.0476808771550169,H,H
278,0.1854,0.0517204068383466,D,D
279,0.1821,0.0493399697035273,H,H
280,0.1864,0.0524417514246555,D,D
281,0.1911,0.0558320709803072,D,D
282,0.1988,0.0613864242948856,D,D
283,0.1765,0.0453004400201976,H,H
284,0.2037,0.0649210127677991,D,D
285,0.1714,0.0416215826300223,H,H
286,0.1861,0.0522253480487628,D,D
287,0.1923,0.0566976844838779,D,D
288,0.1901,0.0551107263939984,D,D
289,0.1832,0.0501334487484671,D,D
290,0.1868,0.0527302892591791,D,D
291,0.1848,0.0512876000865613,D,D
292,0.1844,0.0509990622520378,D,D
293,0.1962,0.0595109283704825,D,D
294,0.1925,0.0568419534011397,D,D
295,0.1844,0.0509990622520378,D,D
296,0.1975,0.0604486763326841,D,D
297,0.193,0.0572026256942941,D,D
298,0.1974,0.0603765418740532,D,D
299,0.1962,0.0595109283704825,D,D
300,0.1849,0.0513597345451922,D,D
301,0.1873,0.0530909615523335,D,D
302,0.1981,0.0608814830844694,D,D
303,0.1973,0.0603044074154223,D,D
304,0.1925,0.0568419534011397,D,D
305,0.1939,0.0578518358219721,D,D
306,0.2035,0.0647767438505373,D,D
307,0.1889,0.0542451128904277,D,D
308,0.1983,0.0610257520017312,D,D
309,0.1926,0.0569140878597706,D,D
310,0.1928,0.0570583567770323,D,D
311,0.2036,0.0648488783091682,D,D
312,0.2017,0.0634783235951814,D,D
313,0.2019,0.0636225925124431,D,D
314,0.2062,0.0667243742335713,D,D
315,0.1962,0.0595109283704825,D,D
316,0.2018,0.0635504580538123,D,D
317,0.1942,0.0580682391978648,D,D
318,0.1996,0.0619634999639327,D,D
319,0.1962,0.0595109283704825,D,D
320,0.1984,0.0610978864603621,D,D
321,0.2026,0.0641275337228594,D,D
322,0.1916,0.0561927432734617,D,D
323,0.2152,0.0732164755103512,D,D
324,0.1908,0.0556156676044146,D,D
325,0.1894,0.0546057851835822,D,D
326,0.2087,0.0685277356993435,D,D
327,0.2061,0.0666522397749404,D,D
328,0.205,0.0658587607300007,D,D
329,0.2054,0.0661472985645242,D,D
330,0.2006,0.0626848445502416,D,D
331,0.1938,0.0577797013633412,D,D
332,0.2019,0.0636225925124431,D,D
333,0.1962,0.0595109283704825,D,D
334,0.2097,0.0692490802856524,D,D
335,0.201,0.0629733823847652,D,D
336,0.1959,0.0592945249945899,D,D
337,0.2002,0.062396306715718,D,D
338,0.2064,0.0668686431508331,D,D
339,0.1989,0.0614585587535165,D,D
340,0.1972,0.0602322729567914,D,D
341,0.206,0.0665801053163095,D,D
342,0.2063,0.0667965086922022,D,D
343,0.2006,0.0626848445502416,D,D
344,0.2012,0.0631176513020269,D,D
345,0.2072,0.0674457188198802,D,D
346,0.194,0.057923970280603,D,D
347,0.1947,0.0584289114910192,D,D
348,0.2005,0.0626127100916107,D,D
349,0.2048,0.0657144918127389,D,D
350,0.2094,0.0690326769097598,D,D
351,0.219,0.075957584938325,D,D
352,0.2144,0.0726393998413042,D,D
353,0.2065,0.066940777609464,D,D
354,0.208,0.0680227944889273,D,D
355,0.2004,0.0625405756329798,D,D
356,0.2086,0.0684556012407126,D,D
357,0.2068,0.0671571809853567,D,D
358,0.212,0.0709081728341628,D,D
359,0.2031,0.0644882060160138,D,D
360,0.2142,0.0724951309240424,D,D
361,0.2226,0.078554425449037,D,D
362,0.2098,0.0693212147442833,D,D
363,0.2142,0.0724951309240424,D,D
364,0.2168,0.0743706268484454,D,D
365,0.2084,0.0683113323234509,D,D
366,0.2137,0.0721344586308879,D,D
367,0.2123,0.0711245762100555,D,D
368,0.2133,0.0718459207963644,D,D
369,0.2067,0.0670850465267258,D,D
370,0.2134,0.0719180552549953,D,D
371,0.2175,0.0748755680588617,D,D
372,0.2254,0.0805741902907018,D,D
373,0.2218,0.0779773497799899,D,D
374,0.2317,0.0851186611844478,D,D
375,0.2086,0.0684556012407126,D,D
376,0.2221,0.0781937531558825,D,D
377,0.2169,0.0744427613070764,D,D
378,0.2332,0.0862006780639111,D,D
379,0.2096,0.0691769458270215,D,D
380,0.2096,0.0691769458270215,D,D
381,0.2119,0.070836038375532,D,D
382,0.2,0.0622520377984563,D,D
383,0.2131,0.0717016518791026,D,D
384,0.2116,0.0706196349996393,D,D
385,0.2192,0.0761018538555868,D,D
386,0.221,0.0774002741109428,D,D
387,0.2336,0.0864892158984346,D,D
388,0.2265,0.0813676693356416,D,D
389,0.2146,0.0727836687585659,D,D
390,0.2124,0.0711967106686864,D,D
391,0.2238,0.0794200389526076,D,D
392,0.2096,0.0691769458270215,D,D
393,0.2352,0.0876433672365288,D,D
394,0.2303,0.0841087787636153,D,D
395,0.2174,0.0748034336002308,D,D
396,0.2078,0.0678785255716656,D,D
397,0.2327,0.0858400057707566,D,D
398,0.2212,0.0775445430282045,D,D
399,0.2324,0.085623602394864,D,D
400,0.21,0.0694654836615451,D,D
401,0.2183,0.0754526437279088,D,D
402,0.2235,0.079203635576715,D,D
403,0.2241,0.0796364423285003,D,D
404,0.2205,0.0770396018177883,D,D
405,0.2294,0.0834595686359373,D,D
406,0.2162,0.0739378200966601,D,D
407,0.2239,0.0794921734112385,D,D
408,0.2264,0.0812955348770107,D,D
409,0.2298,0.0837481064704609,D,D
410,0.2317,0.0851186611844478,D,D
411,0.2174,0.0748034336002308,D,D
412,0.2144,0.0726393998413042,D,D
413,0.2373,0.0891581908677775,D,D
414,0.23,0.0838923753877227,D,D
415,0.2217,0.077905215321359,D,D
416,0.2404,0.091394359085335,D,D
417,0.2293,0.0833874341773065,D,D
418,0.2381,0.0897352665368246,D,D
419,0.2295,0.0835317030945682,D,D
420,0.2458,0.095289619851403,D,D
421,0.2437,0.0937747962201543,D,D
422,0.228,0.0824496862151049,D,D
423,0.2381,0.0897352665368246,D,D
424,0.2358,0.0880761739883142,D,D
425,0.2419,0.0924763759647983,D,D
426,0.2236,0.0792757700353458,D,D
427,0.2371,0.0890139219505157,D,D
428,0.2404,0.091394359085335,D,D
429,0.2182,0.0753805092692779,D,D
430,0.2232,0.0789872322008223,D,D
431,0.2166,0.0742263579311837,D,D
432,0.2311,0.0846858544326624,D,D
433,0.2394,0.0906730144990261,D,D
434,0.246,0.0954338887686647,D,D
435,0.2349,0.0874269638606362,D,D
436,0.2476,0.0965880401067589,D,D
437,0.2239,0.0794921734112385,D,D
438,0.2217,0.077905215321359,D,D
439,0.2352,0.0876433672365288,D,D
440,0.239,0.0903844766645026,D,D
441,0.236,0.0882204429055759,D,D
442,0.2201,0.0767510639832648,D,D
443,0.2362,0.0883647118228377,D,D
444,0.2268,0.0815840727115343,D,D
445,0.243,0.0932698550097381,D,D
446,0.2409,0.0917550313784895,D,D
447,0.2308,0.0844694510567698,D,D
448,0.2345,0.0871384260261126,D,D
449,0.2305,0.0842530476808771,D,D
450,0.2388,0.0902402077472408,D,D
451,0.2473,0.0963716367308663,D,D
452,0.2321,0.0854071990189713,D,D
453,0.2443,0.0942076029719396,D,D
454,0.2364,0.0885089807400995,D,D
455,0.2346,0.0872105604847435,D,D
456,0.2405,0.0914664935439659,D,D
457,0.2334,0.0863449469811729,D,D
458,0.2376,0.0893745942436702,D,D
459,0.2327,0.0858400057707566,D,D
460,0.2584,0.1043785616388949,D,D
461,0.2433,0.0934862583856308,D,D
462,0.2377,0.089446728702301,D,D
463,0.2454,0.0950010820168794,D,D
464,0.2431,0.093341989468369,D,D
465,0.2426,0.0929813171752146,D,D
466,0.2496,0.0980307292793767,D,D
467,0.2511,0.09911274615884,D,D
468,0.2411,0.0918993002957512,D,D
469,0.2411,0.0918993002957512,D,D
470,0.2439,0.0939190651374161,D,D
471,0.228,0.0824496862151049,D,D
472,0.2346,0.0872105604847435,D,D
473,0.258,0.1040900238043713,D,D
474,0.2606,0.1059655197287744,D,D
475,0.2458,0.095289619851403,D,D
476,0.2527,0.1002668974969342,D,D
477,0.2509,0.0989684772415783,D,D
478,0.2734,0.115198730433528,D,D
479,0.2581,0.1041621582630022,D,D
480,0.2484,0.0971651157758061,D,D
481,0.2422,0.092692779340691,D,D
482,0.2373,0.0891581908677775,D,D
483,0.2521,0.0998340907451489,D,D
484,0.2448,0.0945682752650941,D,D
485,0.2398,0.0909615523335497,D,D
486,0.2464,0.0957224266031883,D,D
487,0.2432,0.0934141239269999,D,D
488,0.2657,0.1096443771189497,D,D
489,0.2596,0.1052441751424655,D,D
490,0.2528,0.1003390319555651,D,D
491,0.2651,0.1092115703671643,D,D
492,0.2542,0.1013489143763975,D,D
493,0.2471,0.0962273678136045,D,D
494,0.2665,0.1102214527879968,D,D
495,0.2589,0.1047392339320493,D,D
496,0.2467,0.095938829979081,D,D
497,0.2538,0.101060376541874,D,D
498,0.2487,0.0973815191516987,D,D
499,0.245,0.0947125441823559,D,D
500,0.2638,0.1082738224049628,D,D
501,0.272,0.1141888480126956,D,D
502,0.2459,0.0953617543100339,D,D
503,0.2619,0.106903267690976,D,D
504,0.2526,0.1001947630383034,D,D
505,0.2542,0.1013489143763975,D,D
506,0.2537,0.1009882420832431,D,D
507,0.2519,0.0996898218278871,D,D
508,0.2596,0.1052441751424655,D,D
509,0.2529,0.100411166414196,D,D
510,0.262,0.1069754021496068,D,D
511,0.2598,0.1053884440597273,D,D
512,0.2587,0.1045949650147875,D,D
513,0.2537,0.1009882420832431,D,D
514,0.2567,0.1031522758421698,D,D
515,0.2677,0.1110870662915674,D,D
516,0.266,0.1098607804948424,D,D
517,0.2545,0.1015653177522902,D,D
518,0.2635,0.1080574190290701,D,D
519,0.269,0.112024814253769,D,D
520,0.25,0.0983192671139003,D,D
521,0.2681,0.111375604126091,D,D
522,0.2588,0.1046670994734184,D,D
523,0.269,0.112024814253769,D,D
524,0.2587,0.1045949650147875,D,D
525,0.2507,0.0988242083243165,D,D
526,0.2525,0.1001226285796725,D,D
527,0.2662,0.1100050494121041,D,D
528,0.2683,0.1115198730433528,D,D
529,0.2593,0.1050277717665728,D,D
530,0.272,0.1141888480126956,D,D
531,0.254,0.1012046454591358,D,D
532,0.2671,0.1106542595397821,D,D
533,0.2583,0.1043064271802639,D,D
534,0.2631,0.1077688811945466,D,D
535,0.2691,0.1120969487123999,D,D
536,0.2622,0.1071196710668686,D,D
537,0.2663,0.110077183870735,D,D
538,0.2778,0.1183726466132871,D,D
539,0.2655,0.1095001082016879,D,D
540,0.2772,0.1179398398615018,D,D
541,0.2618,0.106831133232345,D,D
542,0.2754,0.1166414196061458,D,D
543,0.2831,0.1221957729207242,D,D
544,0.2521,0.0998340907451489,D,D
545,0.2659,0.1097886460362115,D,D
546,0.2772,0.1179398398615018,D,D
547,0.2714,0.1137560412609103,D,D
548,0.2763,0.1172906297338238,D,D
549,0.2689,0.1119526797951381,D,D
550,0.2748,0.1162086128543605,D,D
551,0.2732,0.1150544615162663,D,D
552,0.2841,0.1229171175070331,D,D
553,0.2772,0.1179398398615018,D,D
554,0.2782,0.1186611844478107,D,D
555,0.2726,0.114621654764481,D,D
556,0.2723,0.1144052513885883,D,D
557,0.2731,0.1149823270576354,D,D
558,0.2801,0.1200317391617976,D,D
559,0.2739,0.1155594027266825,D,D
560,0.28,0.1199596047031667,D,D
561,0.2946,0.1304912356632763,D,D
562,0.2854,0.1238548654692346,D,D
563,0.2762,0.1172184952751929,D,D
564,0.2887,0.1262353026040539,D,D
565,0.2762,0.1172184952751929,D,D
566,0.2636,0.108129553487701,D,D
567,0.2722,0.1143331169299574,D,D
568,0.2656,0.1095722426603188,D,D
569,0.2781,0.1185890499891798,D,D
570,0.2815,0.12104162158263,D,D
571,0.2951,0.1308519079564307,D,D
572,0.2847,0.1233499242588184,D,D
573,0.2807,0.1204645459135829,D,D
574,0.2894,0.1267402438144701,D,D
575,0.2655,0.1095001082016879,D,D
576,0.2854,0.1238548654692346,D,D
577,0.29,0.1271730505662554,D,D
578,0.2724,0.1144773858472192,D,D
579,0.2938,0.1299141599942292,D,D
580,0.2877,0.1255139580177451,D,D
581,0.282,0.1214022938757844,D,D
582,0.2908,0.1277501262353026,D,D
583,0.3043,0.1374882781504725,D,D
584,0.2879,0.1256582269350068,D,D
585,0.2888,0.1263074370626848,D,D
586,0.2835,0.1224843107552477,D,D
587,0.2808,0.1205366803722138,D,D
588,0.2946,0.1304912356632763,D,D
589,0.2815,0.12104162158263,D,D
590,0.2892,0.1265959748972084,D,D
591,0.2852,0.1237105965519728,D,D
592,0.2932,0.1294813532424439,D,D
593,0.2925,0.1289764120320276,D,D
594,0.2985,0.1333044795498809,D,D
595,0.2864,0.1245762100555435,D,D
596,0.2887,0.1262353026040539,D,D
597,0.2834,0.1224121762966168,D,D
598,0.2881,0.1258024958522686,D,D
599,0.295,0.1307797734977998,D,D
600,0.2984,0.1332323450912501,D,D
601,0.2854,0.1238548654692346,D,D
602,0.3001,0.1344586308879751,D,D
603,0.3044,0.1375604126091033,D,D
604,0.2972,0.1323667315876794,D,D
605,0.3093,0.1410950010820169,D,D
606,0.2884,0.1260188992281612,D,D
607,0.285,0.123566327634711,D,D
608,0.2811,0.1207530837481064,D,D
609,0.3077,0.1399408497439226,D,D
610,0.3014,0.1353963788501767,D,D
611,0.2961,0.1315732525427396,D,D
612,0.2991,0.1337372863016662,D,D
613,0.2883,0.1259467647695304,D,D
614,0.3172,0.146793623313857,D,D
615,0.299,0.1336651518430354,D,D
616,0.2993,0.133881555218928,D,D
617,0.3046,0.1377046815263651,D,D
618,0.303,0.1365505301882709,D,D
619,0.3013,0.1353242443915458,D,D
620,0.2936,0.1297698910769675,D,D
621,0.304,0.1372718747745798,D,D
622,0.3157,0.1457116064343936,D,D
623,0.3118,0.1428983625477891,D,D
624,0.3142,0.1446295895549303,D,D
625,0.2977,0.1327274038808338,D,D
626,0.2943,0.1302748322873836,D,D
627,0.3015,0.1354685133088076,D,D
628,0.3034,0.1368390680227945,D,D
629,0.3121,0.1431147659236817,D,D
630,0.2902,0.1273173194835173,D,D
631,0.3163,0.146144413186179,D,D
632,0.3032,0.1366947991055327,D,D
633,0.3014,0.1353963788501767,D,D
634,0.2971,0.1322945971290485,D,D
635,0.2924,0.1289042775733968,D,D
636,0.3126,0.1434754382168361,D,D
637,0.3069,0.1393637740748755,D,D
638,0.2964,0.1317896559186323,D,D
639,0.2968,0.1320781937531558,D,D
640,0.3048,0.1378489504436269,D,D
641,0.3212,0.1496790016590925,D,D
642,0.3062,0.1388588328644593,D,D
643,0.2966,0.131933924835894,D,D
644,0.3071,0.1395080429921373,D,D
645,0.3073,0.1396523119093991,D,D
646,0.2882,0.1258746303108995,D,D
647,0.3098,0.1414556733751713,D,D
648,0.3087,0.1406621943302315,D,D
649,0.3165,0.1462886821034408,D,D
650,0.3262,0.1532857245906369,D,D
651,0.3208,0.1493904638245689,D,D
652,0.31,0.141599942292433,D,D
653,0.3037,0.1370554713986871,D,D
654,0.3335,0.1585515400706917,D,D
655,0.3138,0.1443410517204068,D,D
656,0.3138,0.1443410517204068,D,D
657,0.3139,0.1444131861790377,D,D
658,0.316,0.1459280098102863,D,D
659,0.3137,0.1442689172617759,D,D
660,0.3106,0.1420327490442184,D,D
661,0.3112,0.1424655557960037,D,D
662,0.3158,0.1457837408930246,D,D
663,0.3121,0.1431147659236817,D,D
664,0.3111,0.1423934213373728,D,D
665,0.318,0.1473706989829041,D,D
666,0.3155,0.1455673375171319,D,D
667,0.33,0.1560268340186107,D,D
668,0.2971,0.1322945971290485,D,D
669,0.3275,0.1542234725528385,D,D
670,0.3291,0.1553776238909326,D,D
671,0.3029,0.13647839572964,D,D
672,0.3172,0.146793623313857,D,D
673,0.3173,0.1468657577724879,D,D
674,0.3094,0.1411671355406477,D,D
675,0.3149,0.1451345307653466,D,D
676,0.3126,0.1434754382168361,D,D
677,0.3359,0.160282767077833,D,D
678,0.3298,0.1558825651013489,D,D
679,0.3328,0.1580465988602755,D,D
680,0.3288,0.15516122051504,D,D
681,0.3144,0.1447738584721921,D,D
682,0.3197,0.1485969847796292,D,D
683,0.3282,0.1547284137632547,D,D
684,0.3149,0.1451345307653466,D,D
685,0.3307,0.1565317752290269,D,D
686,0.3235,0.1513380942076029,D,D
687,0.3228,0.1508331529971867,D,D
688,0.3319,0.1573973887325975,D,D
689,0.3302,0.1561711029358724,D,D
690,0.3241,0.1517709009593883,D,D
691,0.3367,0.1608598427468801,D,D
692,0.3192,0.1482363124864747,D,D
693,0.3331,0.1582630022361682,D,D
694,0.3334,0.1584794056120608,D,D
695,0.3265,0.1535021279665296,D,D
696,0.332,0.1574695231912284,D,D
697,0.3198,0.1486691192382601,D,D
698,0.3376,0.1615090528745582,D,D
699,0.3291,0.1553776238909326,D,D
700,0.3268,0.1537185313424222,D,D
701,0.3398,0.1630960109644377,D,D
702,0.3262,0.1532857245906369,D,D
703,0.3209,0.1494625982831998,D,D
704,0.3202,0.1489576570727836,D,D
705,0.3379,0.1617254562504508,D,D
706,0.3232,0.1511216908317103,D,D
707,0.3479,0.1689389021135396,D,D
708,0.3176,0.1470821611483805,D,D
709,0.3482,0.1691553054894323,D,D
710,0.3367,0.1608598427468801,D,D
711,0.3347,0.1594171535742624,D,D
712,0.3315,0.157108850898074,D,D
713,0.3394,0.1628074731299141,D,D
714,0.3363,0.1605713049123566,D,D
715,0.3459,0.1674962129409218,D,D
716,0.3384,0.1620861285436052,D,D
717,0.3391,0.1625910697540215,D,D
718,0.3353,0.1598499603260477,D,D
719,0.3382,0.1619418596263435,D,D
720,0.3415,0.1643222967611628,D,D
721,0.3258,0.1529971867561133,D,D
722,0.3291,0.1553776238909326,D,D
723,0.3462,0.1677126163168145,D,D
724,0.3421,0.1647551035129481,D,D
725,0.3396,0.1629517420471759,D,D
726,0.3417,0.1644665656784245,D,D
727,0.3447,0.1666305994373512,D,D
728,0.338,0.1617975907090817,D,D
729,0.3365,0.1607155738296184,D,D
730,0.3447,0.1666305994373512,D,D
731,0.3357,0.1601384981605713,D,D
732,0.3472,0.1684339609031234,D,D
733,0.3307,0.1565317752290269,D,D
734,0.353,0.1726177595037149,D,D
735,0.349,0.1697323811584793,D,D
736,0.3476,0.1687224987376469,D,D
737,0.3539,0.1732669696313929,D,D
738,0.3597,0.1774507682319844,D,D
739,0.3549,0.1739883142177017,D,D
740,0.3325,0.1578301954843829,D,D
741,0.3374,0.1613647839572963,D,D
742,0.3431,0.165476448099257,D,D
743,0.3487,0.1695159777825867,D,D
744,0.353,0.1726177595037149,D,D
745,0.3435,0.1657649859337805,D,D
746,0.3512,0.1713193392483589,D,D
747,0.3441,0.1661977926855659,D,D
748,0.3456,0.1672798095650292,D,D
749,0.3397,0.1630238765058068,D,D
750,0.344,0.1661256582269349,D,D
751,0.341,0.1639616244680083,D,D
752,0.3444,0.1664141960614585,D,D
753,0.361,0.1783885161941859,D,D
754,0.3454,0.1671355406477674,D,D
755,0.3745,0.1881266681093558,D,D
756,0.3578,0.1760802135179975,D,D
757,0.3557,0.1745653898867489,D,D
758,0.3478,0.1688667676549087,D,D
759,0.3607,0.1781721128182933,D,D
760,0.3509,0.1711029358724662,D,D
761,0.3569,0.1754310033903195,D,D
762,0.3768,0.1897857606578662,D,D
763,0.356,0.1747817932626415,D,D
764,0.3664,0.1822837769602539,D,D
765,0.352,0.171896414917406,D,D
766,0.3577,0.1760080790593666,D,D
767,0.3726,0.1867561133953689,D,D
768,0.3538,0.173194835172762,D,D
769,0.3738,0.1876217268989396,D,D
770,0.3654,0.181562432373945,D,D
771,0.3556,0.174493255428118,D,D
772,0.3656,0.1817067012912068,D,D
773,0.3687,0.1839428695087643,D,D
774,0.3664,0.1822837769602539,D,D
775,0.3492,0.1698766500757411,D,D
776,0.3564,0.1750703310971651,D,D
777,0.3607,0.1781721128182933,D,D
778,0.3625,0.1794705330736492,D,D
779,0.3685,0.1837986005915025,D,D
780,0.3653,0.1814902979153141,D,D
781,0.3537,0.1731227007141311,D,D
782,0.3678,0.1832936593810863,D,D
783,0.3701,0.1849527519295967,D,D
784,0.3701,0.1849527519295967,D,D
785,0.3747,0.1882709370266176,D,D
786,0.3731,0.1871167856885233,D,D
787,0.3706,0.1853134242227512,D,D
788,0.3667,0.1825001803361465,D,D
789,0.3544,0.1736276419245473,D,D
790,0.3716,0.18603476880906,D,D
791,0.3702,0.1850248863882276,D,D
792,0.3712,0.1857462309745365,D,D
793,0.3592,0.17709009593883,D,D
794,0.3612,0.1785327851114477,D,D
795,0.3787,0.1911563153718531,D,D
796,0.3704,0.1851691553054894,D,D
797,0.3766,0.1896414917406045,D,D
798,0.3718,0.1861790377263218,D,D
799,0.3722,0.1864675755608453,D,D
800,0.3799,0.1920219288754237,D,D
801,0.3687,0.1839428695087643,D,D
802,0.3741,0.1878381302748322,D,D
803,0.37,0.1848806174709658,D,D
804,0.3707,0.1853855586813821,D,D
805,0.3721,0.1863954411022144,D,D
806,0.3768,0.1897857606578662,D,D
807,0.3716,0.18603476880906,D,D
808,0.3859,0.196349996393277,D,D
809,0.3692,0.1843035418019187,D,D
810,0.3752,0.188631609319772,D,D
811,0.3737,0.1875495924403087,D,D
812,0.3892,0.1987304335280963,D,D
813,0.3796,0.1918055254995311,D,D
814,0.3867,0.1969270720623241,D,D
815,0.367,0.1827165837120392,D,D
816,0.3815,0.193176080213518,D,D
817,0.3869,0.1970713409795859,D,D
818,0.3809,0.1927432734617326,D,D
819,0.3892,0.1987304335280963,D,D
820,0.3769,0.1898578951164971,D,D
821,0.3928,0.2013272740388083,D,D
822,0.4003,0.2067373584361249,D,D
823,0.3795,0.1917333910409002,D,D
824,0.3793,0.1915891221236385,D,D
825,0.3949,0.2028420976700569,D,D
826,0.3963,0.2038519800908893,D,D
827,0.3799,0.1920219288754237,D,D
828,0.3812,0.1929596768376253,D,D
829,0.3827,0.1940416937170886,D,D
830,0.3747,0.1882709370266176,D,D
831,0.3785,0.1910120464545913,D,D
832,0.3783,0.1908677775373296,D,D
833,0.3806,0.19252687008584,D,D
834,0.3869,0.1970713409795859,D,D
835,0.3895,0.198946836903989,D,D
836,0.4005,0.2068816273533867,D,D
837,0.3805,0.1924547356272091,D,D
838,0.3968,0.2042126523840438,D,D
839,0.3877,0.197648416648633,D,D
840,0.3894,0.1988747024453581,D,D
841,0.3957,0.2034191733391041,D,D
842,0.3817,0.1933203491307797,D,D
843,0.3942,0.2023371564596407,D,D
844,0.3929,0.2013994084974392,D,D
845,0.396,0.2036355767149967,D,D
846,0.3948,0.2027699632114261,D,D
847,0.4126,0.2156098968477242,D,D
848,0.3883,0.1980812234004183,D,D
849,0.3896,0.1990189713626199,D,D
850,0.3893,0.1988025679867272,D,D
851,0.3903,0.1995239125730361,D,D
852,0.3901,0.1993796436557743,D,D
853,0.4051,0.2101998124504075,D,D
854,0.4074,0.2118589049989179,D,D
855,0.3919,0.2006780639111303,D,D
856,0.3903,0.1995239125730361,D,D
857,0.4011,0.207314434105172,D,D
858,0.3934,0.2017600807905937,D,D
859,0.4033,0.2089013921950515,D,D
860,0.4003,0.2067373584361249,D,D
861,0.387,0.1971434754382168,D,D
862,0.412,0.2151770900959388,D,D
863,0.4144,0.2169083171030801,D,D
864,0.3956,0.2033470388804732,D,D
865,0.3979,0.2050061314289836,D,D
866,0.4037,0.2091899300295751,D,D
867,0.4045,0.2097670056986222,D,D
868,0.4076,0.2120031739161798,D,D
869,0.4188,0.2200822332828392,D,D
870,0.4018,0.2078193753155882,D,D
871,0.3973,0.2045733246771982,D,D
872,0.3931,0.2015436774147009,D,D
873,0.3987,0.2055832070980307,D,D
874,0.4047,0.209911274615884,D,D
875,0.4198,0.2208035778691481,D,D
876,0.4018,0.2078193753155882,D,D
877,0.4082,0.212435980667965,D,D
878,0.4067,0.2113539637885017,D,D
879,0.4168,0.2186395441102214,D,D
880,0.4279,0.22664646901825,D,D
881,0.4039,0.2093341989468369,D,D
882,0.4047,0.209911274615884,D,D
883,0.4174,0.2190723508620067,D,D
884,0.415,0.2173411238548654,D,D
885,0.4248,0.2244103008006925,D,D
886,0.4151,0.2174132583134963,D,D
887,0.408,0.2122917117507033,D,D
888,0.4161,0.2181346028998052,D,D
889,0.4207,0.2214527879968261,D,D
890,0.4188,0.2200822332828392,D,D
891,0.4168,0.2186395441102214,D,D
892,0.4217,0.2221741325831349,D,D
893,0.423,0.2231118805453365,D,D
894,0.4252,0.224698838635216,D,D
895,0.4198,0.2208035778691481,D,D
896,0.4137,0.2164033758926639,D,D
897,0.4167,0.2185674096515905,D,D
898,0.4256,0.2249873764697395,D,D
899,0.4099,0.2136622664646902,D,D
900,0.4198,0.2208035778691481,D,D
901,0.4142,0.2167640481858183,D,D
902,0.418,0.2195051576137921,D,D
903,0.4285,0.2270792757700353,D,D
904,0.4202,0.2210921157036716,D,D
905,0.4195,0.2205871744932553,D,D
906,0.4088,0.2128687874197504,D,D
907,0.4261,0.225348048762894,D,D
908,0.4257,0.2250595109283705,D,D
909,0.4383,0.2341484527158623,D,D
910,0.419,0.2202265022001009,D,D
911,0.4237,0.2236168217557527,D,D
912,0.4244,0.2241217629661689,D,D
913,0.4355,0.2321286878741974,D,D
914,0.4226,0.2228233427108129,D,D
915,0.426,0.2252759143042631,D,D
916,0.4291,0.2275120825218206,D,D
917,0.4262,0.2254201832215249,D,D
918,0.4216,0.222101998124504,D,D
919,0.4272,0.2261415278078337,D,D
920,0.4347,0.2315516122051503,D,D
921,0.4184,0.2197936954483156,D,D
922,0.4281,0.2267907379355118,D,D
923,0.4219,0.2223184015003967,D,D
924,0.4376,0.2336435115054461,D,D
925,0.4163,0.2182788718170669,D,D
926,0.4245,0.2241938974247997,D,D
927,0.4324,0.2298925196566399,D,D
928,0.4424,0.2371059655197287,D,D
929,0.4298,0.2280170237322369,D,D
930,0.4264,0.2255644521387866,D,D
931,0.4463,0.2399192094063334,D,D
932,0.4202,0.2210921157036716,D,D
933,0.4146,0.2170525860203419,D,D
934,0.4362,0.2326336290846137,D,D
935,0.4291,0.2275120825218206,D,D
936,0.4255,0.2249152420111086,D,D
937,0.4398,0.2352304695953257,D,D
938,0.4365,0.2328500324605063,D,D
939,0.4305,0.228521964942653,D,D
940,0.4253,0.2247709730938469,D,D
941,0.443,0.2375387722715141,D,D
942,0.4417,0.2366010243093125,D,D
943,0.4362,0.2326336290846137,D,D
944,0.4522,0.2441751424655558,D,D
945,0.4293,0.2276563514390824,D,D
946,0.4262,0.2254201832215249,D,D
947,0.4333,0.2305417297843179,D,D
948,0.439,0.2346533939262786,D,D
949,0.4417,0.2366010243093125,D,D
950,0.4383,0.2341484527158623,D,D
951,0.4436,0.2379715790232994,D,D
952,0.4312,0.2290269061530693,D,D
953,0.4533,0.2449686215104955,D,D
954,0.4415,0.2364567553920507,D,D
955,0.4516,0.2437423357137704,D,D
956,0.4459,0.2396306715718098,D,D
957,0.4473,0.2406405539926422,D,D
958,0.4487,0.2416504364134746,D,D
959,0.4482,0.2412897641203202,D,D
960,0.4502,0.242732453292938,D,D
961,0.4562,0.2470605208107913,D,D
962,0.4476,0.2408569573685349,D,D
963,0.4522,0.2441751424655558,D,D
964,0.4463,0.2399192094063334,D,D
965,0.459,0.2490802856524562,D,D
966,0.4425,0.2371780999783596,D,D
967,0.4628,0.2518213950804299,D,D
968,0.4486,0.2415783019548437,D,D
969,0.4379,0.2338599148813388,D,D
970,0.4509,0.2432373945033542,D,D
971,0.4449,0.238909326985501,D,D
972,0.4576,0.2480704032316237,D,D
973,0.4461,0.2397749404890716,D,D
974,0.4482,0.2412897641203202,D,D
975,0.4372,0.2333549736709226,D,D
976,0.4492,0.2420111087066291,D,D
977,0.4339,0.2309745365361033,D,D
978,0.4411,0.2361682175575272,D,D
979,0.4603,0.2500180336146577,D,D
980,0.461,0.2505229748250739,D,D
981,0.4586,0.2487917478179326,D,D
982,0.448,0.2411454952030585,D,D
983,0.4558,0.2467719829762677,D,D
984,0.4566,0.2473490586453148,D,D
985,0.4479,0.2410733607444276,D,D
986,0.4697,0.2567986727259612,D,D
987,0.4651,0.2534804876289404,D,D
988,0.4569,0.2475654620212074,D,D
989,0.4593,0.2492966890283488,D,D
990,0.4613,0.2507393782009666,D,D
991,0.4438,0.2381158479405611,D,D
992,0.4586,0.2487917478179326,D,D
993,0.4556,0.2466277140590059,D,D
994,0.4535,0.2451128904277573,D,D
995,0.4598,0.2496573613215032,D,D
996,0.4769,0.2619923537473851,D,D
997,0.4682,0.2557166558464979,D,D
998,0.459,0.2490802856524562,D,D
999,0.4686,0.2560051936810214,D,D
1000,0.4757,0.2611267402438144,D,D
1001,0.4724,0.2587463031089951,D,D
1002,0.466,0.2541296977566183,D,D
1003,0.4608,0.2503787059078121,D,D
1004,0.4721,0.2585298997331025,D,D
1005,0.4701,0.2570872105604848,D,D
1006,0.4746,0.2603332611988747,D,D
1007,0.4731,0.2592512443194114,D,D
1008,0.4769,0.2619923537473851,D,D
1009,0.4647,0.2531919497944168,D,D
1010,0.48,0.2642285219649426,D,D
1011,0.4715,0.2580970929813171,D,D
1012,0.4871,0.2693500685277356,D,D
1013,0.4654,0.253696891004833,D,D
1014,0.4853,0.2680516482723797,D,D
1015,0.4735,0.2595397821539349,D,D
1016,0.4672,0.254995311260189,D,D
1017,0.4691,0.2563658659741759,D,D
1018,0.4709,0.2576642862295318,D,D
1019,0.4773,0.2622808915819087,D,D
1020,0.4786,0.2632186395441102,D,D
1021,0.4704,0.2573036139363774,D,D
1022,0.4753,0.2608382024092909,D,D
1023,0.4931,0.2736781360455889,D,D
1024,0.4903,0.2716583712039241,D,D
1025,0.4804,0.2645170597994662,D,D
1026,0.4778,0.2626415638750631,D,D
1027,0.4789,0.2634350429200028,D,D
1028,0.4834,0.2666810935583928,D,D
1029,0.4708,0.2575921517709009,D,D
1030,0.4774,0.2623530260405395,D,D
1031,0.4666,0.2545625045084036,D,D
1032,0.4837,0.2668974969342855,D,D
1033,0.4862,0.2687008584000577,D,D
1034,0.4776,0.2624972949578013,D,D
1035,0.4946,0.2747601529250523,D,D
1036,0.4727,0.2589627064848878,D,D
1037,0.4713,0.2579528240640554,D,D
1038,0.4853,0.2680516482723797,D,D
1039,0.4924,0.2731731948351728,D,D
1040,0.498,0.2772127245185024,D,D
1041,0.4814,0.265238404385775,D,D
1042,0.4942,0.2744716150905287,D,D
1043,0.4857,0.2683401861069032,D,D
1044,0.4852,0.2679795138137488,D,D
1045,0.4941,0.2743994806318978,D,D
1046,0.4928,0.2734617326696963,D,D
1047,0.4755,0.2609824713265526,D,D
1048,0.5004,0.2789439515256437,D,D
1049,0.5001,0.2787275481497511,D,D
1050,0.4846,0.2675467070619635,D,D
1051,0.4933,0.2738224049628507,D,D
1052,0.4946,0.2747601529250523,D,D
1053,0.4932,0.2737502705042199,D,D
1054,0.4873,0.2694943374449975,D,D
1055,0.4868,0.269133665151843,D,D
1056,0.4925,0.2732453292938036,D,D
1057,0.5026,0.2805309096155233,D,D
1058,0.4981,0.2772848589771333,D,D
1059,0.4913,0.272379715790233,D,D
1060,0.5009,0.2793046238187982,D,D
1061,0.4725,0.258818437567626,D,D
1062,0.505,0.2822621366226646,D,D
1063,0.4824,0.2659597489720839,D,D
1064,0.4939,0.274255211714636,D,D
1065,0.4884,0.2702878164899372,D,D
1066,0.4875,0.2696386063622592,D,D
1067,0.5076,0.2841376325470677,D,D
1068,0.4951,0.2751208252182067,D,D
1069,0.5022,0.2802423717809997,D,D
1070,0.4995,0.2782947413979658,D,D
1071,0.5042,0.2816850609536175,D,D
1072,0.5016,0.2798095650292144,D,D
1073,0.4912,0.2723075813316021,D,D
1074,0.51,0.285868859554209,D,D
1075,0.4986,0.2776455312702878,D,D
1076,0.4906,0.2718747745798168,D,D
1077,0.5001,0.2787275481497511,D,D
1078,0.5161,0.2902690615306932,D,D
1079,0.5114,0.2868787419750414,D,D
1080,0.5023,0.2803145062396306,D,D
1081,0.5028,0.2806751785327851,D,D
1082,0.5036,0.2812522542018322,D,D
1083,0.5233,0.2954627425521171,D,D
1084,0.5103,0.2860852629301016,D,D
1085,0.5112,0.2867344730577796,D,D
1086,0.5165,0.2905575993652167,D,D
1087,0.5107,0.2863738007646252,D,D
1088,0.5072,0.2838490947125441,D,D
1089,0.5082,0.284570439298853,D,D
1090,0.5098,0.2857245906369473,D,D
1091,0.5106,0.2863016663059943,D,D
1092,0.5172,0.2910625405756329,D,D
1093,0.5123,0.2875279521027194,D,D
1094,0.5183,0.2918560196205727,D,D
1095,0.5123,0.2875279521027194,D,D
1096,0.5141,0.2888263723580754,D,D
1097,0.498,0.2772127245185024,D,D
1098,0.5219,0.2944528601312847,D,D
1099,0.5179,0.2915674817860492,D,D
1100,0.5236,0.2956791459280097,D,D
1101,0.493,0.273606001586958,D,D
1102,0.5334,0.3027483228738368,D,D
1103,0.5161,0.2902690615306932,D,D
1104,0.5266,0.2978431796869364,D,D
1105,0.5099,0.2857967250955781,D,D
1106,0.5237,0.2957512803866407,D,D
1107,0.5109,0.286518069681887,D,D
1108,0.5149,0.2894034480271225,D,D
1109,0.5357,0.3044074154223471,D,D
1110,0.5194,0.2926494986655125,D,D
1111,0.5232,0.2953906080934862,D,D
1112,0.529,0.2995744066940777,D,D
1113,0.5265,0.2977710452283055,D,D
1114,0.5243,0.296184087138426,D,D
1115,0.5265,0.2977710452283055,D,D
1116,0.5434,0.3099617687369256,D,D
1117,0.5242,0.2961119526797951,D,D
1118,0.5268,0.2979874486041982,D,D
1119,0.5341,0.303253264084253,D,D
1120,0.5351,0.3039746086705619,D,D
1121,0.5363,0.3048402221741325,D,D
1122,0.5325,0.3020991127461588,D,D
1123,0.5187,0.2921445574550963,D,D
1124,0.5415,0.3085912140229387,D,D
1125,0.5198,0.2929380365000361,D,D
1126,0.5319,0.3016663059943735,D,D
1127,0.524,0.2959676837625333,D,D
1128,0.5301,0.3003678857390175,D,D
1129,0.5338,0.3030368607083604,D,D
1130,0.5342,0.3033253985428839,D,D
1131,0.5356,0.3043352809637163,D,D
1132,0.5457,0.311620861285436,D,D
1133,0.5369,0.3052730289259179,D,D
1134,0.5319,0.3016663059943735,D,D
1135,0.5421,0.3090240207747241,D,D
1136,0.5444,0.3106831133232344,D,D
1137,0.5256,0.2971218351006275,D,D
1138,0.5408,0.3080862728125225,D,D
1139,0.5421,0.3090240207747241,D,D
1140,0.5347,0.3036860708360383,D,D
1141,0.5486,0.3137127605857318,D,D
1142,0.537,0.3053451633845488,D,D
1143,0.5397,0.3072927937675827,D,D
1144,0.5379,0.3059943735122268,D,D
1145,0.5399,0.3074370626848445,D,D
1146,0.5316,0.3014499026184807,D,D
1147,0.5294,0.2998629445286012,D,D
1148,0.5542,0.3177522902690615,D,D
1149,0.5352,0.3040467431291928,D,D
1150,0.5346,0.3036139363774074,D,D
1151,0.5259,0.2973382384765202,D,D
1152,0.5385,0.306427180264012,D,D
1153,0.5336,0.3028925917910985,D,D
1154,0.5579,0.3204212652384043,D,D
1155,0.5534,0.3171752146000144,D,D
1156,0.5403,0.3077256005193681,D,D
1157,0.5644,0.325110005049412,D,D
1158,0.5548,0.3181850970208468,D,D
1159,0.5449,0.3110437856163889,D,D
1160,0.528,0.2988530621077688,D,D
1161,0.5669,0.3269133665151842,D,D
1162,0.538,0.3060665079708576,D,D
1163,0.5365,0.3049844910913943,D,D
1164,0.5584,0.3207819375315588,D,D
1165,0.5703,0.3293659381086344,D,D
1166,0.5624,0.3236673158767943,D,D
1167,0.5564,0.319339248358941,D,D
1168,0.5572,0.3199163240279881,D,D
1169,0.5599,0.321863954411022,D,D
1170,0.5597,0.3217196854937603,D,D
1171,0.5564,0.319339248358941,D,D
1172,0.5555,0.318690038231263,D,D
1173,0.5547,0.3181129625622159,D,D
1174,0.5498,0.3145783740893024,D,D
1175,0.5541,0.3176801558104306,D,D
1176,0.5434,0.3099617687369256,D,D
1177,0.5567,0.3195556517348337,D,D
1178,0.5501,0.3147947774651951,D,D
1179,0.5498,0.3145783740893024,D,D
1180,0.5606,0.3223688956214383,D,D
1181,0.5709,0.3297987448604197,D,D
1182,0.5676,0.3274183077256005,D,D
1183,0.5483,0.3134963572098391,D,D
1184,0.5535,0.3172473490586452,D,D
1185,0.5695,0.3287888624395874,D,D
1186,0.5547,0.3181129625622159,D,D
1187,0.5613,0.3228738368318545,D,D
1188,0.568,0.3277068455601239,D,D
1189,0.5565,0.3194113828175719,D,D
1190,0.5656,0.3259756185529827,D,D
1191,0.5547,0.3181129625622159,D,D
1192,0.5611,0.3227295679145928,D,D
1193,0.569,0.3284281901464329,D,D
1194,0.5543,0.3178244247276924,D,D
1195,0.5711,0.3299430137776816,D,D
1196,0.568,0.3277068455601239,D,D
1197,0.5731,0.3313857029502993,D,D
1198,0.5711,0.3299430137776816,D,D
1199,0.5808,0.3369400562648776,D,D
1200,0.5714,0.3301594171535742,D,D
1201,0.5676,0.3274183077256005,D,D
1202,0.5725,0.330952896198514,D,D
1203,0.5765,0.3338382745437495,D,D
1204,0.5731,0.3313857029502993,D,D
1205,0.5736,0.3317463752434537,D,D
1206,0.5682,0.3278511144773858,D,D
1207,0.5691,0.3285003246050638,D,D
1208,0.5638,0.3246771982976267,D,D
1209,0.5895,0.3432157541657649,D,D
1210,0.5662,0.3264084253047681,D,D
1211,0.5712,0.3300151482363125,D,D
1212,0.5715,0.3302315516122051,D,D
1213,0.585,0.339969703527375,D,D
1214,0.5761,0.3335497367092259,D,D
1215,0.589,0.3428550818726105,D,D
1216,0.5742,0.3321791819952391,D,D
1217,0.5824,0.3380942076029719,D,D
1218,0.574,0.3320349130779773,D,D
1219,0.5984,0.349635720983914,D,D
1220,0.5724,0.3308807617398831,D,D
1221,0.5849,0.3398975690687441,D,D
1222,0.5881,0.3422058717449325,D,D
1223,0.5869,0.3413402582413618,D,D
1224,0.5827,0.3383106109788645,D,D
1225,0.5837,0.3390319555651734,D,D
1226,0.5857,0.3404746447377912,D,D
1227,0.5847,0.3397533001514823,D,D
1228,0.5942,0.3466060737214166,D,D
1229,0.6047,0.3541801918776599,D,D
1230,0.5832,0.338671283272019,D,D
1231,0.5773,0.3344153502127966,D,D
1232,0.5881,0.3422058717449325,D,D
1233,0.61,0.3580033181850969,D,D
1234,0.5835,0.3388876866479117,D,D
1235,0.6036,0.3533867128327201,D,D
1236,0.6045,0.3540359229603981,D,D
1237,0.5873,0.3416287960758854,D,D
1238,0.5968,0.3484815696458198,D,D
1239,0.6059,0.3550458053812306,D,D
1240,0.5904,0.343864964293443,D,D
1241,0.5924,0.3453076534660607,D,D
1242,0.59,0.3435764264589193,D,D
1243,0.5871,0.3414845271586236,D,D
1244,0.5906,0.3440092332107047,D,D
1245,0.5866,0.3411238548654692,D,D
1246,0.5972,0.3487701074803432,D,D
1247,0.5914,0.3445863088797518,D,D
1248,0.6,0.3507898723220081,D,D
1249,0.5863,0.3409074514895766,D,D
1250,0.602,0.3522325614946259,D,D
1251,0.6066,0.3555507465916468,D,D
1252,0.5845,0.3396090312342205,D,D
1253,0.6041,0.3537473851258745,D,D
1254,0.6115,0.3590853350645603,D,D
1255,0.5926,0.3454519223833225,D,D
1256,0.6162,0.362475654620212,D,D
1257,0.6068,0.3556950155089086,D,D
1258,0.5984,0.349635720983914,D,D
1259,0.6042,0.3538195195845054,D,D
1260,0.6097,0.3577869148092043,D,D
1261,0.6064,0.355406477674385,D,D
1262,0.6107,0.3585082593955132,D,D
1263,0.5996,0.3505013344874846,D,D
1264,0.6089,0.3572098391401572,D,D
1265,0.5969,0.3485537041044506,D,D
1266,0.6079,0.3564884945538483,D,D
1267,0.6021,0.3523046959532568,D,D
1268,0.6041,0.3537473851258745,D,D
1269,0.6204,0.3655053018827093,D,D
1270,0.6199,0.3651446295895549,D,D
1271,0.6166,0.3627641924547356,D,D
1272,0.6036,0.3533867128327201,D,D
1273,0.6104,0.3582918560196205,D,D
1274,0.6232,0.3675250667243742,D,D
1275,0.6153,0.361826444492534,D,D
1276,0.6333,0.3748106470460938,D,D
1277,0.6185,0.3641347471687225,D,D
1278,0.6175,0.3634134025824136,D,D
1279,0.6141,0.3609608309889633,D,D
1280,0.6182,0.3639183437928298,D,D
1281,0.6165,0.3626920579961047,D,D
1282,0.624,0.3681021423934213,D,D
1283,0.6266,0.3699776383178244,D,D
1284,0.6132,0.3603116208612854,D,D
1285,0.6095,0.3576426458919425,D,D
1286,0.606,0.3551179398398614,D,D
1287,0.6254,0.3691120248142537,D,D
1288,0.6131,0.3602394864026545,D,D
1289,0.6053,0.3546129986294452,D,D
1290,0.6263,0.3697612349419317,D,D
1291,0.6437,0.3823126307437062,D,D
1292,0.6243,0.3683185457693139,D,D
1293,0.6317,0.3736564957079997,D,D
1294,0.6262,0.3696891004833008,D,D
1295,0.6254,0.3691120248142537,D,D
1296,0.6341,0.375387722715141,D,D
1297,0.6251,0.3688956214383611,D,D
1298,0.6301,0.3725023443699055,D,D
1299,0.6312,0.3732958234148452,D,D
1300,0.6239,0.3680300079347904,D,D
1301,0.6378,0.3780566976844838,D,D
1302,0.629,0.3717088653249657,D,D
1303,0.625,0.3688234869797301,D,D
1304,0.6359,0.3766861429704969,D,D
1305,0.6251,0.3688956214383611,D,D
1306,0.6331,0.3746663781288321,D,D
1307,0.6334,0.3748827815047247,D,D
1308,0.6428,0.3816634206160282,D,D
1309,0.6385,0.3785616388949,D,D
1310,0.6351,0.3761090673014499,D,D
1311,0.6425,0.3814470172401355,D,D
1312,0.6477,0.3851980090889418,D,D
1313,0.6416,0.3807978071124575,D,D
1314,0.6379,0.3781288321431147,D,D
1315,0.6279,0.3709153862800259,D,D
1316,0.6305,0.3727908822044289,D,D
1317,0.6372,0.3776238909326985,D,D
1318,0.6354,0.3763254706773425,D,D
1319,0.6394,0.379210849022578,D,D
1320,0.6419,0.3810142104883502,D,D
1321,0.6463,0.3841881266681093,D,D
1322,0.6421,0.381158479405612,D,D
1323,0.6472,0.3848373367957873,D,D
1324,0.6445,0.3828897064127533,D,D
1325,0.6288,0.3715645964077039,D,D
1326,0.6377,0.377984563225853,D,D
1327,0.6447,0.3830339753300151,D,D
1328,0.6367,0.3772632186395441,D,D
1329,0.6518,0.3881555218928081,D,D
1330,0.6599,0.3939984130419101,D,D
1331,0.658,0.3926278583279232,D,D
1332,0.6472,0.3848373367957873,D,D
1333,0.6615,0.3951525643800043,D,D
1334,0.6513,0.3877948495996537,D,D
1335,0.6481,0.3854865469234653,D,D
1336,0.6465,0.3843323955853711,D,D
1337,0.6496,0.3865685638029286,D,D
1338,0.6495,0.3864964293442977,D,D
1339,0.6546,0.390175286734473,D,D
1340,0.6552,0.3906080934862583,D,D
1341,0.6546,0.390175286734473,D,D
1342,0.6587,0.3931327995383394,D,D
1343,0.6653,0.397893673807978,D,D
1344,0.664,0.3969559258457765,D,D
1345,0.6452,0.3833946476231695,D,D
1346,0.6372,0.3776238909326985,D,D
1347,0.6658,0.3982543461011324,D,D
1348,0.648,0.3854144124648344,D,D
1349,0.6578,0.3924835894106614,D,D
1350,0.6508,0.3874341773064993,D,D
1351,0.6464,0.3842602611267401,D,D
1352,0.6658,0.3982543461011324,D,D
1353,0.6682,0.3999855731082738,D,D
1354,0.6581,0.3926999927865541,D,D
1355,0.6426,0.3815191516987664,D,D
1356,0.6596,0.3937820096660174,D,D
1357,0.6677,0.3996249008151193,D,D
1358,0.6534,0.3893096732309023,D,D
1359,0.6673,0.3993363629805957,D,D
1360,0.6664,0.3986871528529178,D,D
1361,0.6718,0.4025824136189857,D,D
1362,0.6687,0.4003462454014282,D,D
1363,0.6606,0.3945033542523262,D,D
1364,0.6786,0.4074875568058861,D,D
1365,0.6684,0.4001298420255355,D,D
1366,0.6701,0.4013561278222606,D,D
1367,0.6635,0.396595253552622,D,D
1368,0.6681,0.3999134386496429,D,D
1369,0.6652,0.3978215393493471,D,D
1370,0.6715,0.4023660102430931,D,D
1371,0.6872,0.4136911202481425,D,D
1372,0.6632,0.3963788501767294,D,D
1373,0.6619,0.3954411022145279,D,D
1374,0.6872,0.4136911202481425,D,D
1375,0.6744,0.4044579095433888,D,D
1376,0.6714,0.4022938757844622,D,D
1377,0.6857,0.4126091033686792,D,D
1378,0.6732,0.4035922960398182,D,D
1379,0.6933,0.4180913222246267,D,D
1380,0.6847,0.4118877587823703,D,D
1381,0.676,0.405612060881483,D,D
1382,0.6978,0.4213373728630166,D,D
1383,0.6764,0.4059005987160066,D,D
1384,0.6878,0.4141239269999278,D,D
1385,0.6849,0.412032027699632,D,D
1386,0.6936,0.4183077256005193,D,D
1387,0.6963,0.4202553559835533,D,D
1388,0.6847,0.4118877587823703,D,D
1389,0.6791,0.4078482290990406,D,D
1390,0.6894,0.415278078338022,D,D
1391,0.681,0.4092187838130274,D,D
1392,0.7032,0.4252326336290846,D,D
1393,0.6888,0.4148452715862367,D,D
1394,0.6854,0.4123926999927865,D,D
1395,0.6905,0.4160715573829618,D,D
1396,0.6789,0.4077039601817787,D,D
1397,0.6825,0.4103008006924907,D,D
1398,0.7006,0.4233571377046815,D,D
1399,0.6864,0.4131140445790954,D,D
1400,0.6839,0.4113106831133231,D,D
1401,0.6972,0.4209045661112313,D,D
1402,0.7031,0.4251604991704536,D,D
1403,0.7,0.4229243309528961,D,D
1404,0.7028,0.424944095794561,D,D
1405,0.6895,0.4153502127966529,D,D
1406,0.6848,0.4119598932410012,D,D
1407,0.7089,0.4293442977710451,D,D
1408,0.6949,0.4192454735627208,D,D
1409,0.6961,0.4201110870662916,D,D
1410,0.7094,0.4297049700641996,D,D
1411,0.7039,0.4257375748395007,D,D
1412,0.7038,0.4256654403808699,D,D
1413,0.7181,0.4359806679650868,D,D
1414,0.6963,0.4202553559835533,D,D
1415,0.7095,0.4297771045228305,D,D
1416,0.7032,0.4252326336290846,D,D
1417,0.7056,0.4269638606362259,D,D
1418,0.7163,0.4346822477097309,D,D
1419,0.7088,0.4292721633124143,D,D
1420,0.7097,0.4299213734400923,D,D
1421,0.7146,0.4334559619130058,D,D
1422,0.7038,0.4256654403808699,D,D
1423,0.7007,0.4234292721633124,D,D
1424,0.6997,0.4227079275770035,D,D
1425,0.693,0.4178749188487339,D,D
1426,0.7258,0.4415350212796652,D,D
1427,0.7012,0.4237899444564668,D,D
1428,0.7089,0.4293442977710451,D,D
1429,0.7092,0.4295607011469379,D,D
1430,0.7145,0.4333838274543749,D,D
1431,0.7192,0.4367741470100266,D,D
1432,0.7203,0.4375676260549664,D,D
1433,0.7094,0.4297049700641996,D,D
1434,0.7134,0.4325903484094351,D,D
1435,0.7177,0.4356921301305633,D,D
1436,0.7141,0.4330952896198513,D,D
1437,0.7296,0.444276130707639,D,D
1438,0.7213,0.4382889706412753,D,D
1439,0.7239,0.4401644665656783,D,D
1440,0.724,0.4402366010243092,D,D
1441,0.7288,0.4436990550385919,D,D
1442,0.7215,0.4384332395585371,D,D
1443,0.7104,0.4304263146505085,D,D
1444,0.7246,0.4406694077760946,D,D
1445,0.7169,0.4351150544615162,D,D
1446,0.7185,0.4362692057996104,D,D
1447,0.7281,0.4431941138281756,D,D
1448,0.734,0.447450046887398,D,D
1449,0.725,0.4409579456106181,D,D
1450,0.7279,0.4430498449109138,D,D
1451,0.7398,0.4516338454879895,D,D
1452,0.7288,0.4436990550385919,D,D
1453,0.7483,0.457765274471615,D,D
1454,0.7327,0.4465122989251965,D,D
1455,0.7148,0.4336002308302675,D,D
1456,0.7356,0.4486041982254923,D,D
1457,0.7333,0.4469451056769818,D,D
1458,0.7412,0.4526437279088219,D,D
1459,0.737,0.4496140806463247,D,D
1460,0.7312,0.4454302820457331,D,D
1461,0.7231,0.4395873908966312,D,D
1462,0.732,0.4460073577147803,D,D
1463,0.7275,0.4427613070763904,D,D
1464,0.7303,0.4447810719180551,D,D
1465,0.7404,0.4520666522397749,D,D
1466,0.7497,0.4587751568924475,D,D
1467,0.7402,0.4519223833225131,D,D
1468,0.7282,0.4432662482868065,D,D
1469,0.742,0.4532208035778691,D,D
1470,0.7487,0.4580538123061386,D,D
1471,0.7349,0.4480992570150761,D,D
1472,0.7394,0.451345307653466,D,D
1473,0.7413,0.4527158623674528,D,D
1474,0.7356,0.4486041982254923,D,D
1475,0.7477,0.4573324677198297,D,D
1476,0.7422,0.4533650724951308,D,D
1477,0.7473,0.4570439298853061,D,D
1478,0.7375,0.4499747529394792,D,D
1479,0.7418,0.4530765346606073,D,D
1480,0.7518,0.4602899805236961,D,D
1481,0.7437,0.4544470893745942,D,D
1482,0.7612,0.4670706196349996,D,D
1483,0.7448,0.455240568419534,D,D
1484,0.7505,0.4593522325614945,D,D
1485,0.7569,0.4639688379138714,D,D
1486,0.7388,0.4509125009016807,D,D
1487,0.7367,0.449397677270432,D,D
1488,0.7393,0.4512731731948351,D,D
1489,0.7623,0.4678640986799393,D,D
1490,0.7485,0.4579095433888768,D,D
1491,0.7741,0.4763759647983841,D,D
1492,0.7498,0.4588472913510784,D,D
1493,0.7565,0.4636803000793478,D,D
1494,0.768,0.4719757628219,D,D
1495,0.7724,0.475149679001659,D,D
1496,0.7736,0.4760152925052296,D,D
1497,0.7674,0.4715429560701146,D,D
1498,0.7667,0.4710380148596985,D,D
1499,0.7639,0.4690182500180336,D,D
1500,0.7661,0.4706052081079131,D,D
1501,0.7562,0.4634638967034551,D,D
1502,0.7547,0.4623818798239919,D,D
1503,0.762,0.4676476953040467,D,D
1504,0.7613,0.4671427540936305,D,D
1505,0.7598,0.4660607372141672,D,D
1506,0.7697,0.4732020486186251,D,D
1507,0.7724,0.475149679001659,D,D
1508,0.7662,0.470677342566544,D,D
1509,0.778,0.4791892086849887,D,D
1510,0.7578,0.4646180480415494,D,D
1511,0.7661,0.4706052081079131,D,D
1512,0.7626,0.4680805020558319,D,D
1513,0.7541,0.4619490730722065,D,D
1514,0.7691,0.4727692418668398,D,D
1515,0.7695,0.4730577797013632,D,D
1516,0.7833,0.4830123349924258,D,D
1517,0.7769,0.478395729640049,D,D
1518,0.7644,0.469378922311188,D,D
1519,0.7881,0.4864747890067085,D,D
1520,0.7837,0.4833008728269493,D,D
1521,0.7793,0.4801269566471903,D,D
1522,0.7736,0.4760152925052296,D,D
1523,0.7684,0.4722643006564235,D,D
1524,0.7738,0.4761595614224915,D,D
1525,0.7862,0.4851042342927216,D,D
1526,0.7933,0.4902257808555146,D,D
1527,0.7913,0.4887830916828968,D,D
1528,0.7758,0.4776022505951092,D,D
1529,0.7714,0.4744283344153501,D,D
1530,0.7822,0.4822188559474861,D,D
1531,0.7677,0.4717593594460073,D,D
1532,0.7851,0.4843107552477818,D,D
1533,0.7821,0.4821467214888552,D,D
1534,0.7802,0.4807761667748683,D,D
1535,0.7719,0.4747890067085046,D,D
1536,0.7895,0.4874846714275408,D,D
1537,0.7819,0.4820024525715934,D,D
1538,0.7775,0.4788285363918343,D,D
1539,0.7646,0.4695231912284497,D,D
1540,0.7881,0.4864747890067085,D,D
1541,0.8032,0.4973670922599725,D,D
1542,0.803,0.4972228233427108,D,D
1543,0.7868,0.4855370410445069,D,D
1544,0.7863,0.4851763687513524,D,D
1545,0.7956,0.491884873404025,D,D
1546,0.7846,0.4839500829546273,D,D
1547,0.7957,0.4919570078626559,D,D
1548,0.8002,0.4952030585010459,D,D
1549,0.8046,0.4983769746808049,D,D
1550,0.7947,0.491235663276347,D,D
1551,0.7946,0.4911635288177161,D,D
1552,0.7899,0.4877732092620644,D,D
1553,0.7911,0.4886388227656351,D,D
1554,0.7966,0.4926062179903339,D,D
1555,0.8021,0.4965736132150328,D,D
1556,0.8072,0.500252470605208,F,F
1557,0.7942,0.4908749909831926,D,D
1558,0.8133,0.5046526725816922,F,F
1559,0.7999,0.4949866551251533,D,D
1560,0.8026,0.4969342855081872,D,D
1561,0.7975,0.4932554281180119,D,D
1562,0.7848,0.4840943518718892,D,D
1563,0.812,0.5037149246194907,F,F
1564,0.8116,0.5034263867849671,F,F
1565,0.8042,0.4980884368462814,D,D
1566,0.8077,0.5006131428983625,F,F
1567,0.812,0.5037149246194907,F,F
1568,0.7961,0.4922455456971795,D,D
1569,0.8051,0.4987376469739594,D,D
1570,0.8165,0.5069609752578806,F,F
1571,0.8008,0.4956358652528312,D,D
1572,0.8139,0.5050854793334775,F,F
1573,0.8015,0.4961408064632474,D,D
1574,0.8168,0.5071773786337733,F,F
1575,0.8135,0.504796941498954,F,F
1576,0.8016,0.4962129409218783,D,D
1577,0.8246,0.5128038664069826,F,F
1578,0.8101,0.5023443699055038,F,F
1579,0.8103,0.5024886388227656,F,F
1580,0.8191,0.5088364711822838,F,F
1581,0.8274,0.5148236312486475,F,F
1582,0.8108,0.50284931111592,F,F
1583,0.8202,0.5096299502272236,F,F
1584,0.8239,0.5122989251965663,F,F
1585,0.8267,0.5143186900382312,F,F
1586,0.8233,0.511866118444781,F,F
1587,0.8197,0.5092692779340691,F,F
1588,0.8168,0.5071773786337733,F,F
1589,0.8249,0.5130202697828752,F,F
1590,0.8163,0.5068167063406189,F,F
1591,0.8023,0.4967178821322945,D,D
1592,0.8299,0.5166269927144196,F,F
1593,0.8344,0.5198730433528096,F,F
1594,0.809,0.501550890860564,F,F
1595,0.8206,0.509918488061747,F,F
1596,0.8344,0.5198730433528096,F,F
1597,0.8466,0.5286734473057779,F,F
1598,0.8311,0.5174926062179902,F,F
1599,0.8258,0.5136694799105532,F,F
1600,0.8309,0.5173483373007285,F,F
1601,0.8441,0.5268700858400057,F,F
1602,0.8287,0.515761379210849,F,F
1603,0.8283,0.5154728413763254,F,F
1604,0.8315,0.5177811440525139,F,F
1605,0.8285,0.5156171102935873,F,F
1606,0.8379,0.5223977494048907,F,F
1607,0.8507,0.5316309601096444,F,F
1608,0.841,0.5246339176224482,F,F
1609,0.8372,0.5218928081944745,F,F
1610,0.8376,0.522181346028998,F,F
1611,0.8282,0.5154007069176946,F,F
1612,0.8485,0.5300440020197648,F,F
1613,0.8416,0.5250667243742335,F,F
1614,0.8415,0.5249945899156027,F,F
1615,0.8693,0.5450479694149895,F,F
1616,0.8469,0.5288898506816706,F,F
1617,0.8392,0.5233354973670922,F,F
1618,0.8426,0.5257880689605424,F,F
1619,0.8559,0.5353819519584505,F,F
1620,0.8484,0.5299718675611339,F,F
1621,0.8368,0.5216042703599509,F,F
1622,0.8564,0.535742624251605,F,F
1623,0.8445,0.5271586236745293,F,F
1624,0.8656,0.5423789944456466,F,F
1625,0.86,0.5383394647623169,F,F
1626,0.8485,0.5300440020197648,F,F
1627,0.8631,0.5405756329798744,F,F
1628,0.8542,0.5341556661617254,F,F
1629,0.8612,0.5392050782658876,F,F
1630,0.859,0.537618120176008,F,F
1631,0.8492,0.530548943230181,F,F
1632,0.8516,0.5322801702373223,F,F
1633,0.8657,0.5424511289042775,F,F
1634,0.8556,0.5351655485825578,F,F
1635,0.8558,0.5353098174998197,F,F
1636,0.8521,0.5326408425304767,F,F
1637,0.8639,0.5411527086489215,F,F
1638,0.8778,0.551179398398615,F,F
1639,0.8535,0.5336507249513092,F,F
1640,0.8631,0.5405756329798744,F,F
1641,0.8749,0.5490874990983192,F,F
1642,0.8638,0.5410805741902907,F,F
1643,0.8688,0.5446872971218351,F,F
1644,0.8575,0.5365361032965448,F,F
1645,0.8702,0.5456971795426675,F,F
1646,0.866,0.5426675322801702,F,F
1647,0.8762,0.5500252470605207,F,F
1648,0.8786,0.5517564740676622,F,F
1649,0.8905,0.5603404746447377,F,F
1650,0.8752,0.5493039024742119,F,F
1651,0.874,0.5484382889706412,F,F
1652,0.8737,0.5482218855947486,F,F
1653,0.8701,0.5456250450840365,F,F
1654,0.8764,0.5501695159777825,F,F
1655,0.8721,0.5470677342566543,F,F
1656,0.8766,0.5503137848950443,F,F
1657,0.8866,0.5575272307581332,F,F
1658,0.8688,0.5446872971218351,F,F
1659,0.8867,0.557599365216764,F,F
1660,0.8889,0.5591863233066435,F,F
1661,0.8783,0.5515400706917694,F,F
1662,0.863,0.5405034985212436,F,F
1663,0.8759,0.5498088436846281,F,F
1664,0.8919,0.5613503570655702,F,F
1665,0.8822,0.554353314578374,F,F
1666,0.8751,0.5492317680155809,F,F
1667,0.8799,0.5526942220298636,F,F
1668,0.8914,0.5609896847724157,F,F
1669,0.8899,0.5599076678929524,F,F
1670,0.8844,0.5559402726682535,F,F
1671,0.8841,0.555723869292361,F,F
1672,0.8847,0.5561566760441463,F,F
1673,0.8813,0.5537041044506961,F,F
1674,0.9024,0.5689244752218134,F,F
1675,0.8876,0.5582485753444419,F,F
1676,0.9007,0.5676981894250883,F,F
1677,0.904,0.5700786265599076,F,F
1678,0.9006,0.5676260549664573,F,F
1679,0.8899,0.5599076678929524,F,F
1680,0.8974,0.565317752290269,F,F
1681,0.8948,0.563442256365866,F,F
1682,0.8885,0.55889778547212,F,F
1683,0.8992,0.566616172545625,F,F
1684,0.8879,0.5584649787203346,F,F
1685,0.9077,0.5727476015292504,F,F
1686,0.8952,0.5637307942003895,F,F
1687,0.9014,0.5682031306355045,F,F
1688,0.9028,0.569213013056337,F,F
1689,0.8993,0.5666883070042559,F,F
1690,0.9068,0.5720983914015725,F,F
1691,0.8992,0.566616172545625,F,F
1692,0.9107,0.5749116352881771,F,F
1693,0.8938,0.5627209117795571,F,F
1694,0.9064,0.5718098535670489,F,F
1695,0.9217,0.5828464257375747,F,F
1696,0.899,0.5664719036283632,F,F
1697,0.9023,0.5688523407631825,F,F
1698,0.9127,0.5763543244607948,F,F
1699,0.9108,0.574983769746808,F,F
1700,0.913,0.5765707278366875,F,F
1701,0.9149,0.5779412825506745,F,F
1702,0.9169,0.5793839717232921,F,F
1703,0.9215,0.582702156820313,F,F
1704,0.9167,0.5792397028060303,F,F
1705,0.9123,0.5760657866262713,F,F
1706,0.9204,0.5819086777753733,F,F
1707,0.931,0.5895549303902474,F,F
1708,0.9156,0.5784462237610906,F,F
1709,0.9097,0.5741902907018682,F,F
1710,0.9271,0.5867416865036428,F,F
1711,0.9181,0.5802495852268629,F,F
1712,0.9025,0.5689966096804443,F,F
1713,0.9275,0.5870302243381663,F,F
1714,0.9172,0.5796003750991848,F,F
1715,0.9216,0.5827742912789439,F,F
1716,0.9258,0.5858039385414412,F,F
1717,0.9255,0.5855875351655485,F,F
1718,0.9304,0.5891221236384621,F,F
1719,0.9221,0.5831349635720984,F,F
1720,0.9305,0.5891942580970929,F,F
1721,0.9251,0.585298997331025,F,F
1722,0.9339,0.591646829690543,F,F
1723,0.9338,0.5915746952319122,F,F
1724,0.9222,0.5832070980307292,F,F
1725,0.9392,0.5954699559979802,F,F
1726,0.927,0.5866695520450119,F,F
1727,0.9386,0.5950371492461949,F,F
1728,0.9359,0.5930895188631609,F,F
1729,0.9485,0.6021784606506527,F,F
1730,0.9328,0.5908533506456033,F,F
1731,0.9326,0.5907090817283416,F,F
1732,0.9361,0.5932337877804227,F,F
1733,0.9346,0.5921517709009593,F,F
1734,0.9443,0.5991488133881555,F,F
1735,0.9258,0.5858039385414412,F,F
1736,0.9311,0.5896270648488783,F,F
1737,0.9318,0.5901320060592944,F,F
1738,0.9488,0.6023948640265454,F,F
1739,0.9557,0.6073721416720766,F,F
1740,0.942,0.597489720839645,F,F
1741,0.9423,0.5977061242155377,F,F
1742,0.9451,0.5997258890572026,F,F
1743,0.9546,0.6065786626271369,F,F
1744,0.9387,0.5951092837048257,F,F
1745,0.9489,0.6024669984851763,F,F
1746,0.9556,0.6073000072134458,F,F
1747,0.9527,0.60520810791315,F,F
1748,0.951,0.6039818221164249,F,F
1749,0.9583,0.6092476375964798,F,F
1750,0.9295,0.588472913510784,F,F
1751,0.9574,0.6085984274688018,F,F
1752,0.9476,0.6015292505229748,F,F
1753,0.939,0.5953256870807183,F,F
1754,0.9586,0.6094640409723725,F,F
1755,0.9663,0.6150183942869508,F,F
1756,0.9551,0.6069393349202913,F,F
1757,0.9646,0.6137921084902257,F,F
1758,0.9707,0.6181923104667099,F,F
1759,0.9692,0.6171102935872466,F,F
1760,0.9726,0.6195628651806968,F,F
1761,0.9663,0.6150183942869508,F,F
1762,0.9618,0.6117723436485608,F,F
1763,0.9492,0.6026834018610691,F,F
1764,0.9609,0.6111231335208829,F,F
1765,0.957,0.6083098896342782,F,F
1766,0.9819,0.6262713698333694,F,F
1767,0.964,0.6133593017384403,F,F
1768,0.9673,0.6157397388732597,F,F
1769,0.9715,0.618769386135757,F,F
1770,0.9683,0.6164610834595686,F,F
1771,0.9824,0.6266320421265238,F,F
1772,0.9647,0.6138642429488567,F,F
1773,0.9721,0.6192021928875423,F,F
1774,0.9654,0.6143691841592729,F,F
1775,0.9616,0.6116280747312991,F,F
1776,0.9681,0.6163168145423068,F,F
1777,0.9736,0.6202842097670057,F,F
1778,0.9713,0.6186251172184952,F,F
1779,0.9701,0.6177595037149245,F,F
1780,0.9652,0.6142249152420111,F,F
1781,0.9766,0.6224482435259323,F,F
1782,0.9661,0.614874125369689,F,F
1783,0.9851,0.6285796725095577,F,F
1784,0.9805,0.625261487412537,F,F
1785,0.969,0.6169660246699847,F,F
1786,0.9791,0.6242516049917045,F,F
1787,0.9764,0.6223039746086705,F,F
1788,0.9858,0.6290846137199739,F,F
1789,0.9949,0.6356488494553848,F,F
1790,0.97,0.6176873692562936,F,F
1791,0.9868,0.6298059583062828,F,F
1792,0.9854,0.6287960758854505,F,F
1793,0.9929,0.634206160282767,F,F
1794,0.9901,0.6321863954411021,F,F
1795,0.9833,0.6272812522542017,F,F
1796,0.9876,0.63038303397533,F,F
1797,0.9846,0.6282190002164033,F,F
1798,1.0005,0.6396883791387145,F,F
1799,0.9929,0.634206160282767,F,F
1800,1.0088,0.6456755392050781,F,F
